[
 {
   "quotes": "One good thing about music, when it hits you, you feel no pain.",
   "quoteName": "Bob Marley"
 },
 {
   "quotes": "Music is a moral law. It gives soul to the universe, wings to the mind, flight to the imagination, and charm and gaiety to life and to everything.",
   "quoteName": "Plato"
 },
 {
   "quotes": "Music expresses that which cannot be said and on which it is impossible to be silent.",
   "quoteName": "Victor Hugo"
 },
 {
   "quotes": "I think music in itself is healing. It's an explosive expression of humanity. It's something we are all touched by. No matter what culture we're from, everyone loves music.",
   "quoteName": "Billy Joel"
 },
 {
   "quotes": "Music was my refuge. I could crawl into the space between the notes and curl my back to loneliness.",
   "quoteName": "Maya Angelou"
 },
 {
   "quotes": "Music can change the world because it can change people.",
   "quoteName": "Bono"
 },
 {
   "quotes": "If music be the food of love, play on.",
   "quoteName": "William Shakespeare"
 },
 {
   "quotes": "When words leave off, music begins.",
   "quoteName": "Heinrich Heine"
 },
 {
   "quotes": "Music washes away from the soul the dust of everyday life.",
   "quoteName": "Berthold Auerbach"
 },
 {
   "quotes": "Music is the soundtrack of your life.",
   "quoteName": "Dick Clark"
 },
 {
   "quotes": "Music is the divine way to tell beautiful, poetic things to the heart.",
   "quoteName": "Pablo Casals"
 },
 {
   "quotes": "The world's most famous and popular language is music.",
   "quoteName": "Psy"
 },
 {
   "quotes": "Music should be your escape.",
   "quoteName": "Missy Elliott"
 },
 {
   "quotes": "Music happens to be an art form that transcends language.",
   "quoteName": "Herbie Hancock"
 },
 {
   "quotes": "The only love affair I have ever had was with music.",
   "quoteName": "Maurice Ravel"
 },
 {
   "quotes": "Music is love in search of a word.",
   "quoteName": "Sidney Lanier"
 },
 {
   "quotes": "Music is forever; music should grow and mature with you, following you right on up until you die.",
   "quoteName": "Paul Simon"
 },
 {
   "quotes": "Who hears music feels his solitude peopled at once.",
   "quoteName": "Robert Browning"
 },
 {
   "quotes": "Lean your body forward slightly to support the guitar against your chest, for the poetry of the music should resound in your heart.",
   "quoteName": "Andres Segovia"
 },
 {
   "quotes": "Music is only love looking for words.",
   "quoteName": "Lawrence Durrell"
 },
 {
   "quotes": "Music is the best means we have of digesting time.",
   "quoteName": "W. H. Auden"
 },
 {
   "quotes": "There are more love songs than anything else. If songs could make you do something we'd all love one another.",
   "quoteName": "Frank Zappa"
 },
 {
   "quotes": "But when you get music and words together, that can be a very powerful thing.",
   "quoteName": "Bryan Ferry"
 },
 {
   "quotes": "True music must repeat the thought and inspirations of the people and the time.",
   "quoteName": "George Gershwin"
 },
 {
   "quotes": "That was when I realised that music is the most profound, magical form of communication there is.",
   "quoteName": "Lesley Garrett"
 },
 {
   "quotes": "All good music resembles something. Good music stirs by its mysterious resemblance to the objects and feelings which motivated it.",
   "quoteName": "Jean Cocteau"
 },
 {
   "quotes": "Where words fail, music speaks.",
   "quoteName": "Hans Christian Andersen"
 },
 {
   "quotes": "Without music, life would be a mistake.",
   "quoteName": "Friedrich Nietzsche"
 },
 {
   "quotes": "Music should strike fire from the heart of man, and bring tears from the eyes of woman.",
   "quoteName": "Ludwig van Beethoven"
 },
 {
   "quotes": "Music is the strongest form of magic.",
   "quoteName": "Marilyn Manson"
 },
 {
   "quotes": "Music is moonlight in the gloomy night of life.",
   "quoteName": "Jean Paul"
 },
 {
   "quotes": "Music doesn't lie. If there is something to be changed in this world, then it can only happen through music.",
   "quoteName": "Jimi Hendrix"
 },
 {
   "quotes": "After silence, that which comes nearest to expressing the inexpressible is music.",
   "quoteName": "Aldous Huxley"
 },
 {
   "quotes": "Music is the shorthand of emotion.",
   "quoteName": "Leo Tolstoy"
 },
 {
   "quotes": "Music is God's gift to man, the only art of Heaven given to earth, the only art of earth we take to Heaven.",
   "quoteName": "Walter Savage Landor"
 },
 {
   "quotes": "You are the music while the music lasts.",
   "quoteName": "T. S. Eliot"
 },
 {
   "quotes": "There's nothing like music to relieve the soul and uplift it.",
   "quoteName": "Mickey Hart"
 },
 {
   "quotes": "Music is very spiritual, it has the power to bring people together.",
   "quoteName": "Edgar Winter"
 },
 {
   "quotes": "Music is everybody's possession. It's only publishers who think that people own it.",
   "quoteName": "John Lennon"
 },
 {
   "quotes": "Every song is like a painting.",
   "quoteName": "Dick Dale"
 },
 {
   "quotes": "I see music as fluid architecture.",
   "quoteName": "Joni Mitchell"
 },
 {
   "quotes": "Music is well said to be the speech of angels.",
   "quoteName": "Thomas Carlyle"
 },
 {
   "quotes": "If a composer could say what he had to say in words he would not bother trying to say it in music.",
   "quoteName": "Gustav Mahler"
 },
 {
   "quotes": "The wise musicians are those who play what they can master.",
   "quoteName": "Duke Ellington"
 },
 {
   "quotes": "Music has charms to sooth a savage breast, to soften rocks, or bend a knotted oak.",
   "quoteName": "William Congreve"
 },
 {
   "quotes": "Music is nothing else but wild sounds civilized into time and tune.",
   "quoteName": "Thomas Fuller"
 },
 {
   "quotes": "Music is always changing and the changes are unpredictable.",
   "quoteName": "Billy Sheehan"
 },
 {
   "quotes": "I guess a good song is a good song is a good song, ya know.",
   "quoteName": "George Thorogood"
 }
]